uid,provi,Email,pw
1,Tutanota,aakithya1988abayakoon@tutanota.com,VSzhk.83978
2,Tutanota,aannya1989abeynaike@tutanota.com,GIceh.71954
3,Tutanota,abeesha1980amarasekara@tutanota.com,LQvit.04501
4,Tutanota,abimani1979amarasinghe@tutanota.com,FFfli.35364
5,Tutanota,abimannya1978balasuriya@tutanota.com,MSsjj.29937
6,Tutanota,abishani1978bandara@tutanota.com,GAchh.89249
7,Tutanota,achinthya1990bandaranaike@tutanota.com,QAhyh.00767
8,Tutanota,adele1979dahanayake@tutanota.com,FKhxp.22415
9,Tutanota,adishani1984dassanayake@tutanota.com,DMxcw.24459
10,Tutanota,adithi1982deabrew@tutanota.com,DKisj.47765
11,Tutanota,agrani1992dealwis@tutanota.com,LXspo.28385
12,Tutanota,ahansa1979dissanayake@tutanota.com,PGiso.86318
13,Tutanota,aharsha1983ekanayake@tutanota.com,UOkqa.17775
14,Tutanota,ahasika1996fernando@tutanota.com,KRcjy.63785
15,Tutanota,akarsha1986fonseca@tutanota.com,CXyle.83642
16,Tutanota,akeesha1993gamage@tutanota.com,UVczu.89340
17,Tutanota,akenya1983gunaratne@tutanota.com,LAlzd.19208
18,Tutanota,akeshia1990gunasekera@tutanota.com,VQubn.33685
19,Tutanota,akethya1978gunawardena@tutanota.com,QZpsa.99543
20,Tutanota,akithma1986hathurusingha@tutanota.com,UHhxc.48692
21,Tutanota,akshadi1992herath@tutanota.com,WLgsn.92559
22,Tutanota,alanah1985jayakody@tutanota.com,XJwnj.77560
23,Tutanota,aliyah1992jayaratne@tutanota.com,EBctu.24604
24,Tutanota,amalmi1994jayasinghe@tutanota.com,FFojl.88555
25,Tutanota,amandi1979jayatilleka@tutanota.com,VRyjn.19282
26,Tutanota,amasha1987jayatissa@tutanota.com,KUczz.70765
27,Tutanota,amashi1995jayawickrama@tutanota.com,LCysq.55038
28,Tutanota,amaya1986jayewardene@tutanota.com,DTpmc.28440
29,Tutanota,ameesha1987karunaratne@tutanota.com,ALgif.13168
30,Tutanota,amelia1985liyanage@tutanota.com,YGddb.54262
31,Tutanota,amilka1988mendis@tutanota.com,SKdbe.73350
32,Tutanota,amindi1996nandasiri@tutanota.com,QIvoa.45735
33,Tutanota,anagi1989pathirana@tutanota.com,WCgmh.33949
34,Tutanota,anannya1980peiris@tutanota.com,OUfog.52591
35,Tutanota,andreyana1991perera@tutanota.com,QOsnx.09392
36,Tutanota,anoshi1982premaratne@tutanota.com,LRsin.01597
37,Tutanota,anudima1996rajapaksa@tutanota.com,TCkaa.06278
38,Tutanota,anuhansi1988rajasekara@tutanota.com,YSitr.37605
39,Tutanota,anuki1979ramanayake@tutanota.com,KYstx.39738
40,Tutanota,anushima1978ranaweera@tutanota.com,ALowy.66704
41,Tutanota,anuthmi1994ratnayake@tutanota.com,EBrtp.75566
42,Tutanota,apsara1989samarasekera@tutanota.com,VZftz.50632
43,Tutanota,araddya1980samarasinghe@tutanota.com,FAylp.77928
44,Tutanota,araliya1985senanayake@tutanota.com,GHpmw.21186
45,Tutanota,areli1997senasinghe@tutanota.com,QElyw.76145
46,Tutanota,arkarshi1984seneviratne@tutanota.com,VFyse.33937
47,Tutanota,aroshi1996silva@tutanota.com,XDlmm.63305
48,Tutanota,aroshika1985subasinghe@tutanota.com,JXcwv.14949
49,Tutanota,arundi1997udawatte@tutanota.com,DYnkn.52685
50,Tutanota,ashani1994warakagoda@tutanota.com,AXtvs.56394
51,Tutanota,ashaya1997weeraratne@tutanota.com,YKlpi.45253
52,Tutanota,ashennya1979weerasekara@tutanota.com,ABipl.60915
53,Tutanota,ashinsa1979weerawansa@tutanota.com,QNbho.81758
54,Tutanota,ashvika1996wickremasinghe@tutanota.com,HKwpq.13855
55,Tutanota,ashvini1992wijeratne@tutanota.com,FKbyz.42370
56,Tutanota,asini1994wijesuriya@tutanota.com,XOhnh.35436
57,Tutanota,athista1993wijewardene@tutanota.com,BFieb.20767
58,Tutanota,ayansa1981wikramanayake@tutanota.com,UBvql.95028
59,Tutanota,ayeshma1996abayakoon@tutanota.com,SWozw.26230
60,Tutanota,ayisha1980abeynaike@tutanota.com,XDbiy.70654
61,Tutanota,ayoddya1992amarasekara@tutanota.com,DXwxm.93952
62,Tutanota,ayoni1993amarasinghe@tutanota.com,NZpnd.92694
63,Tutanota,ayuka1986balasuriya@tutanota.com,UYqim.14807
64,Tutanota,bashini1982bandara@tutanota.com,CHbna.18221
65,Tutanota,basuri1990bandaranaike@tutanota.com,QMpfo.11713
66,Tutanota,behansa1984dahanayake@tutanota.com,AGzoi.32889
67,Tutanota,bihakshi1979dassanayake@tutanota.com,WBpry.85359
68,Tutanota,bihesha1991deabrew@tutanota.com,HHsba.95415
69,Tutanota,bilani1984dealwis@tutanota.com,QSmwq.29321
70,Tutanota,bilanka1994dissanayake@tutanota.com,OQjpk.99309
71,Tutanota,bilesha1982ekanayake@tutanota.com,RZyvo.51318
72,Tutanota,bimalka1979fernando@tutanota.com,ZXwdg.77738
73,Tutanota,bimalsha1987fonseca@tutanota.com,IUmqv.52859
74,Tutanota,bimanli1990gamage@tutanota.com,RHcmx.61299
75,Tutanota,bimashi1996gunaratne@tutanota.com,JBekf.05513
76,Tutanota,bimsari1995gunasekera@tutanota.com,HLlmb.79804
77,Tutanota,binadi1990gunawardena@tutanota.com,LIxmx.28221
78,Tutanota,binakshi1995hathurusingha@tutanota.com,IWzoa.41047
79,Tutanota,binali1985herath@tutanota.com,TAwjs.67452
80,Tutanota,binari1985jayakody@tutanota.com,QRudk.84430
81,Tutanota,bindiya1984jayaratne@tutanota.com,ITxds.21148
82,Tutanota,binudi1982jayasinghe@tutanota.com,CNhws.50774
83,Tutanota,binuki1986jayatilleka@tutanota.com,ZZmmb.10439
84,Tutanota,binusha1983jayatissa@tutanota.com,KNjgx.54189
85,Tutanota,binuthi1992jayawickrama@tutanota.com,JMtqj.70521
86,Tutanota,bivindi1987jayewardene@tutanota.com,GVawq.85315
87,Tutanota,buvani1987karunaratne@tutanota.com,SVegc.41885
88,Tutanota,buwanija1982liyanage@tutanota.com,UKygl.84236
89,Tutanota,chalani1997mendis@tutanota.com,IXzib.53902
90,Tutanota,chalitha1997nandasiri@tutanota.com,FVynj.43211
91,Tutanota,chaluka1986pathirana@tutanota.com,LAhmi.15912
92,Tutanota,chalukkya1980peiris@tutanota.com,DIovh.74566
93,Tutanota,chamallka1994perera@tutanota.com,RPbhv.76113
94,Tutanota,chamalsha1993premaratne@tutanota.com,GNder.22030
95,Tutanota,chamalshi1984rajapaksa@tutanota.com,TMoxn.18259
96,Tutanota,chamasha1994rajasekara@tutanota.com,FUjcc.04548
97,Tutanota,chamathi1992ramanayake@tutanota.com,DOfkq.52191
98,Tutanota,chamathka1994ranaweera@tutanota.com,NRqvs.35404
99,Tutanota,chamilka1981ratnayake@tutanota.com,QVijr.35703
100,Tutanota,chamilki1979samarasekera@tutanota.com,KPgis.90457
101,Tutanota,chamodhi1986samarasinghe@tutanota.com,AYmfe.73883
102,Tutanota,chamothma1991senanayake@tutanota.com,GQbpl.78699
103,Tutanota,chamudi1979senasinghe@tutanota.com,SEled.69636
104,Tutanota,chamuditha1982seneviratne@tutanota.com,JUkpi.69374
105,Tutanota,chandula1980silva@tutanota.com,DUpdb.47691
106,Tutanota,chaneli1988subasinghe@tutanota.com,FRvab.99440
107,Tutanota,chanelka1987udawatte@tutanota.com,PTjdv.14941
108,Tutanota,chanethi1983warakagoda@tutanota.com,VDnms.10232
109,Tutanota,chanudi1982weeraratne@tutanota.com,MBwvu.59689
110,Tutanota,chanuthmi1983weerasekara@tutanota.com,GHgwq.90617
111,Tutanota,chanya1983weerawansa@tutanota.com,CIjio.96673
112,Tutanota,charuka1988wickremasinghe@tutanota.com,OHych.48587
113,Tutanota,charukkya1983wijeratne@tutanota.com,RQslj.10646
114,Tutanota,charunndya1986wijesuriya@tutanota.com,HFrra.33437
115,Tutanota,chasindi1996wijewardene@tutanota.com,NDuiq.59130
116,Tutanota,chathuki1991wikramanayake@tutanota.com,APteu.87015
117,Tutanota,chathumika1995abayakoon@tutanota.com,SDekz.16059
118,Tutanota,chathunika1995abeynaike@tutanota.com,TOgbi.95228
119,Tutanota,chathurangai1996amarasekara@tutanota.com,VHklq.03088
120,Tutanota,chathushi1981amarasinghe@tutanota.com,TRznt.12911
121,Tutanota,chavindi1982balasuriya@tutanota.com,ZPonl.63233
122,Tutanota,chenethi1997bandara@tutanota.com,UVyav.53519
123,Tutanota,chenethma1983bandaranaike@tutanota.com,PAzuf.85507
124,Tutanota,chenethmi1983dahanayake@tutanota.com,HOunl.56633
125,Tutanota,chenuli1978dassanayake@tutanota.com,HTtyt.59503
126,Tutanota,chenumi1985deabrew@tutanota.com,VOtvf.68627
127,Tutanota,chenushi1995dealwis@tutanota.com,SElks.08048
128,Tutanota,chenuthi1979dissanayake@tutanota.com,ZJvig.71570
129,Tutanota,chethana1989ekanayake@tutanota.com,LGteb.24487
130,Tutanota,chethika1986fernando@tutanota.com,ESblw.19465
131,Tutanota,chethuni1990fonseca@tutanota.com,ZNycf.70766
132,Tutanota,chithika1979gamage@tutanota.com,PQmgr.98854
133,Tutanota,chithuki1987gunaratne@tutanota.com,UPsxv.14729
134,Tutanota,chithuli1992gunasekera@tutanota.com,IPxqf.92352
135,Tutanota,dahamdi1991gunawardena@tutanota.com,VAsof.69294
136,Tutanota,dahamsa1980hathurusingha@tutanota.com,DWzlu.17362
137,Tutanota,dahamya1991herath@tutanota.com,MZwjl.97234
138,Tutanota,dalia1984jayakody@tutanota.com,VTilf.00684
139,Tutanota,dana1996jayaratne@tutanota.com,UQniv.08119
140,Tutanota,danara1997jayasinghe@tutanota.com,CAoxn.19239
141,Tutanota,danesha1988jayatilleka@tutanota.com,UVpsr.74210
142,Tutanota,dasini1994jayatissa@tutanota.com,ZXptw.10390
143,Tutanota,dehara1982jayawickrama@tutanota.com,DCfpu.73929
144,Tutanota,dehasa1978jayewardene@tutanota.com,RDvba.00010
145,Tutanota,dehemi1982karunaratne@tutanota.com,XDsxw.69953
146,Tutanota,demini1997liyanage@tutanota.com,ZQrwa.24748
147,Tutanota,deneesha1978mendis@tutanota.com,BWvbd.72882
148,Tutanota,denethi1996nandasiri@tutanota.com,XMkew.06904
149,Tutanota,denethmi1980pathirana@tutanota.com,LBknj.31950
150,Tutanota,denethni1996peiris@tutanota.com,HJmgm.67120
151,Tutanota,denethu1993perera@tutanota.com,OGddm.69321
152,Tutanota,denisha1995premaratne@tutanota.com,WEdkm.58873
153,Tutanota,denithi1987rajapaksa@tutanota.com,TPyhe.34589
154,Tutanota,denudi1986rajasekara@tutanota.com,LPxci.21885
155,Tutanota,denushka1995ramanayake@tutanota.com,TLdyz.95783
156,Tutanota,denuththara1996ranaweera@tutanota.com,CWidi.41002
157,Tutanota,desanduli1994ratnayake@tutanota.com,FPebd.15850
158,Tutanota,desha1980samarasekera@tutanota.com,YYwrk.73513
159,Tutanota,deshmi1979samarasinghe@tutanota.com,MSkth.45169
160,Tutanota,deshni1993senanayake@tutanota.com,FKcqy.14552
161,Tutanota,devansa1991senasinghe@tutanota.com,EHmej.85168
162,Tutanota,devansha1983seneviratne@tutanota.com,ZJtjc.50459
163,Tutanota,devarshi1987silva@tutanota.com,KFqap.35622
164,Tutanota,devindi1978subasinghe@tutanota.com,RGbrq.80311
165,Tutanota,devoshi1981udawatte@tutanota.com,RJltm.19143
166,Tutanota,devri1981warakagoda@tutanota.com,CGdvf.20787
167,Tutanota,devsara1990weeraratne@tutanota.com,RLajf.09671
168,Tutanota,dewdu1993weerasekara@tutanota.com,MPjhz.82577
169,Tutanota,dewjani1979weerawansa@tutanota.com,OEkyr.20454
170,Tutanota,dewni1992wickremasinghe@tutanota.com,LRpmf.15674
171,Tutanota,dewnithi1985wijeratne@tutanota.com,ORsat.92548
172,Tutanota,dewthilini1987wijesuriya@tutanota.com,WKibg.43935
173,Tutanota,dhamli1989wijewardene@tutanota.com,BTfwu.25073
174,Tutanota,dhamsha1980wikramanayake@tutanota.com,EWrcy.58931
175,Tutanota,diduli1996abayakoon@tutanota.com,YEwig.99395
176,Tutanota,dihansa1988abeynaike@tutanota.com,ZFkgd.87724
177,Tutanota,dihara1979amarasekara@tutanota.com,LJrvt.03733
178,Tutanota,dihasa1995amarasinghe@tutanota.com,VNiim.57156
179,Tutanota,diknitha1991balasuriya@tutanota.com,OZmvu.72846
180,Tutanota,dilanka1996bandara@tutanota.com,GFguy.40192
181,Tutanota,dilansha1987bandaranaike@tutanota.com,SNmau.39953
182,Tutanota,dilashi1990dahanayake@tutanota.com,LDima.74835
183,Tutanota,dilenya1992dassanayake@tutanota.com,CAvqw.21907
184,Tutanota,dilmani1979deabrew@tutanota.com,ICvvy.14599
185,Tutanota,dilmi1986dealwis@tutanota.com,QLdmc.84229
186,Tutanota,dilni1987dissanayake@tutanota.com,BJqnm.12443
187,Tutanota,diloshana1989ekanayake@tutanota.com,THfff.23856
188,Tutanota,dilsara1984fernando@tutanota.com,OZpef.91601
189,Tutanota,dilshara1991fonseca@tutanota.com,QHuhg.21701
190,Tutanota,dilshari1978gamage@tutanota.com,XOppu.01962
191,Tutanota,dilshika1984gunaratne@tutanota.com,DJyuh.49950
192,Tutanota,dilumi1982gunasekera@tutanota.com,NKzpx.72606
193,Tutanota,dilusha1993gunawardena@tutanota.com,XIlcc.11318
194,Tutanota,dimali1983hathurusingha@tutanota.com,ODvlp.74547
195,Tutanota,dimalmi1994herath@tutanota.com,BAmfv.15156
196,Tutanota,dimathmi1996jayakody@tutanota.com,YDcms.35211
197,Tutanota,dimsara1995jayaratne@tutanota.com,IAuns.62911
198,Tutanota,dinadi1996jayasinghe@tutanota.com,RUtcp.51873
199,Tutanota,dinali1994jayatilleka@tutanota.com,QOdzy.88074
200,Tutanota,dineli1987jayatissa@tutanota.com,WGzyb.47977
201,Tutanota,dinethma1980jayawickrama@tutanota.com,GLdrt.56997
202,Tutanota,dinethmi1982jayewardene@tutanota.com,ZDyzj.52869
203,Tutanota,dinethra1990karunaratne@tutanota.com,ZIbax.80563
204,Tutanota,dinethya1983liyanage@tutanota.com,VJazq.39045
205,Tutanota,dinidi1992mendis@tutanota.com,XWrsq.40653
206,Tutanota,dinili1981nandasiri@tutanota.com,ZCrlx.20878
207,Tutanota,dinisara1990pathirana@tutanota.com,OViqv.25791
208,Tutanota,dinithi1989peiris@tutanota.com,MBcjc.32039
209,Tutanota,dinlini1986perera@tutanota.com,TQnfd.02582
210,Tutanota,dinsara1990premaratne@tutanota.com,PLcca.97370
211,Tutanota,dinudi1996rajapaksa@tutanota.com,NLgha.18358
212,Tutanota,dinudika1994rajasekara@tutanota.com,WResy.96778
213,Tutanota,dinugi1980ramanayake@tutanota.com,JHibs.99548
214,Tutanota,dinujana1997ranaweera@tutanota.com,ECeeq.05110
215,Tutanota,dinuji1979ratnayake@tutanota.com,UTyws.52385
216,Tutanota,dinuka1979samarasekera@tutanota.com,FUlmz.03985
217,Tutanota,dinuki1997samarasinghe@tutanota.com,WTtii.31822
218,Tutanota,dinuli1997senanayake@tutanota.com,UJxlr.39687
219,Tutanota,dinuthi1979senasinghe@tutanota.com,CTdbi.54764
220,Tutanota,dinuthni1993seneviratne@tutanota.com,SHicq.00039
221,Tutanota,disana1994silva@tutanota.com,HQmcb.28424
222,Tutanota,disha1978subasinghe@tutanota.com,CEifz.51656
223,Tutanota,disuli1984udawatte@tutanota.com,SQzxw.29628
224,Tutanota,dithmi1996warakagoda@tutanota.com,HOtqy.71988
225,Tutanota,diveesha1987weeraratne@tutanota.com,MEfub.35152
226,Tutanota,divethma1990weerasekara@tutanota.com,LGhyl.28726
227,Tutanota,divyangani1991weerawansa@tutanota.com,PQfxx.40077
228,Tutanota,divyangi1983wickremasinghe@tutanota.com,ZBgvk.45538
229,Tutanota,divyani1983wijeratne@tutanota.com,OGgiq.40578
230,Tutanota,divyanjali1980wijesuriya@tutanota.com,AHotp.07827
231,Tutanota,diyana1978wijewardene@tutanota.com,LMfjv.71687
232,Tutanota,diyansa1981wikramanayake@tutanota.com,ZKgjh.53242
233,Tutanota,diyoni1996abayakoon@tutanota.com,QGnko.90605
234,Tutanota,duasha1985abeynaike@tutanota.com,EMrgp.94602
235,Tutanota,duhara1980amarasekara@tutanota.com,ZAzci.49719
236,Tutanota,dulandara1988amarasinghe@tutanota.com,VJmcy.12439
237,Tutanota,dulangi1980balasuriya@tutanota.com,ACpsb.17290
238,Tutanota,dulansa1982bandara@tutanota.com,XJhdr.79511
239,Tutanota,dulanya1993bandaranaike@tutanota.com,MRatf.60849
240,Tutanota,dulashi1980dahanayake@tutanota.com,ASzzk.03928
241,Tutanota,duleesha1992dassanayake@tutanota.com,WGczc.59960
242,Tutanota,dulesha1989deabrew@tutanota.com,ZWipo.39962
243,Tutanota,duleshmi1992dealwis@tutanota.com,DPkiy.07178
244,Tutanota,duleshni1980dissanayake@tutanota.com,OMyms.99704
245,Tutanota,dulhara1979ekanayake@tutanota.com,UHghc.70543
246,Tutanota,dulini1987fernando@tutanota.com,DLrhe.73974
247,Tutanota,dulithi1990fonseca@tutanota.com,PDyef.99824
248,Tutanota,dulmi1982gamage@tutanota.com,BKfgf.63785
249,Tutanota,dulmitha1979gunaratne@tutanota.com,WGhdy.42718
250,Tutanota,dulnethi1979gunasekera@tutanota.com,OKgzb.99669
251,Tutanota,dulni1986gunawardena@tutanota.com,LVuws.05016
252,Tutanota,dulnitha1985hathurusingha@tutanota.com,NGzzp.71209
253,Tutanota,dulshani1979herath@tutanota.com,DVrhj.77994
254,Tutanota,dulshara1983jayakody@tutanota.com,PScnv.80747
255,Tutanota,dulshi1982jayaratne@tutanota.com,YKxmy.51497
256,Tutanota,dumalami1979jayasinghe@tutanota.com,VKoqw.28614
257,Tutanota,dumalsha1986jayatilleka@tutanota.com,QWtuf.27273
258,Tutanota,dunara1993jayatissa@tutanota.com,LDuuc.98706
259,Tutanota,duneesha1986jayawickrama@tutanota.com,KVtxb.91983
260,Tutanota,dunethma1982jayewardene@tutanota.com,EBcdd.73587
261,Tutanota,dunithi1982karunaratne@tutanota.com,HSlsj.81589
262,Tutanota,dushani1985liyanage@tutanota.com,CKnqx.38778
263,Tutanota,duveni1995mendis@tutanota.com,KLhsf.17964
264,Tutanota,edith1992nandasiri@tutanota.com,VYylf.84069
265,Tutanota,eleesha1991pathirana@tutanota.com,MNoqz.00037
266,Tutanota,emasha1988peiris@tutanota.com,HEkoc.26158
267,Tutanota,esandi1984perera@tutanota.com,TLlwq.47561
268,Tutanota,eshani1992premaratne@tutanota.com,MExoi.85652
269,Tutanota,gaguli1997rajapaksa@tutanota.com,VNrbt.85526
270,Tutanota,gavesha1986rajasekara@tutanota.com,UKesc.27874
271,Tutanota,gaweshi1984ramanayake@tutanota.com,ZUzhg.09961
272,Tutanota,gawravi1979ranaweera@tutanota.com,LMviq.42411
273,Tutanota,gayandi1983ratnayake@tutanota.com,JJyfd.63497
274,Tutanota,gayathma1992samarasekera@tutanota.com,QNcfi.42872
275,Tutanota,gayomi1996samarasinghe@tutanota.com,VScyt.66266
276,Tutanota,gayuki1991senanayake@tutanota.com,HHaqv.45587
277,Tutanota,gethmi1995senasinghe@tutanota.com,APhrf.10586
278,Tutanota,gevinnya1984seneviratne@tutanota.com,XIbca.29419
279,Tutanota,gihami1984silva@tutanota.com,QVicc.92160
280,Tutanota,gihanga1990subasinghe@tutanota.com,YKnpu.98052
281,Tutanota,gimsara1986udawatte@tutanota.com,BXhys.67942
282,Tutanota,gishonu1979warakagoda@tutanota.com,ISvik.22735
283,Tutanota,githma1982weeraratne@tutanota.com,XIkfs.15583
284,Tutanota,githmi1992weerasekara@tutanota.com,IHmoh.50461
285,Tutanota,guwani1985weerawansa@tutanota.com,ELywl.56773
286,Tutanota,hameesha1981wickremasinghe@tutanota.com,BDynl.18290
287,Tutanota,hanishka1994wijeratne@tutanota.com,KLtkg.32091
288,Tutanota,harini1989wijesuriya@tutanota.com,JDqrz.15059
289,Tutanota,harinya1978wijewardene@tutanota.com,CJpin.83311
290,Tutanota,hasandi1997wikramanayake@tutanota.com,DAkfd.46776
291,Tutanota,hasindi1988abayakoon@tutanota.com,EGgzp.45728
292,Tutanota,hasmini1992abeynaike@tutanota.com,VToib.85095
293,Tutanota,hemashi1986amarasekara@tutanota.com,AJzmu.12660
294,Tutanota,heneesha1988amarasinghe@tutanota.com,OUjyg.08769
295,Tutanota,hesanya1997balasuriya@tutanota.com,TSahv.88931
296,Tutanota,heshadi1981bandara@tutanota.com,JJyhu.63737
297,Tutanota,heshani1980bandaranaike@tutanota.com,OMcmn.92345
298,Tutanota,heshini1979dahanayake@tutanota.com,HHogt.73374
299,Tutanota,heshmi1988dassanayake@tutanota.com,NAxoc.54723
300,Tutanota,heshni1995deabrew@tutanota.com,VOsbx.50730
301,Tutanota,himansa1984dealwis@tutanota.com,XRwyd.53542
302,Tutanota,himara1986dissanayake@tutanota.com,BYlda.85397
303,Tutanota,himaya1981ekanayake@tutanota.com,GHlhb.97367
304,Tutanota,himena1997fernando@tutanota.com,KOcmk.43641
305,Tutanota,himethmi1979fonseca@tutanota.com,HMrbz.44720
306,Tutanota,himsadi1983gamage@tutanota.com,MDcmh.79940
307,Tutanota,hiranya1991gunaratne@tutanota.com,FHwxg.22162
308,Tutanota,hiruja1993gunasekera@tutanota.com,MXmgq.25492
309,Tutanota,hiruki1992gunawardena@tutanota.com,PGdyo.67721
310,Tutanota,hirundi1983hathurusingha@tutanota.com,VXaya.60720
311,Tutanota,hitheshi1989herath@tutanota.com,ZZzie.41569
312,Tutanota,hithmi1980jayakody@tutanota.com,YWzjw.71036
313,Tutanota,hithushi1995jayaratne@tutanota.com,XWdlh.99378
314,Tutanota,ideesha1979jayasinghe@tutanota.com,LDgfa.13572
315,Tutanota,ilakshi1990jayatilleka@tutanota.com,RBjrl.74152
316,Tutanota,ileesha1988jayatissa@tutanota.com,DUhid.36139
317,Tutanota,imandi1983jayawickrama@tutanota.com,GQrgt.57328
318,Tutanota,imani1997jayewardene@tutanota.com,AJuyz.01505
319,Tutanota,imansha1986karunaratne@tutanota.com,JFcke.87058
320,Tutanota,imanya1996liyanage@tutanota.com,VMkzb.45933
321,Tutanota,imaya1989mendis@tutanota.com,TZche.60925
322,Tutanota,imelka1986nandasiri@tutanota.com,FHipq.57617
323,Tutanota,imesha1989pathirana@tutanota.com,TXbdz.91307
324,Tutanota,inhara1989peiris@tutanota.com,WHqsa.33522
325,Tutanota,insari1987perera@tutanota.com,UQjsk.14881
326,Tutanota,inudi1989premaratne@tutanota.com,GQhgr.55164
327,Tutanota,inugi1982rajapaksa@tutanota.com,SRyou.56515
328,Tutanota,inumi1986rajasekara@tutanota.com,TTvcg.98617
329,Tutanota,iroma1982ramanayake@tutanota.com,CDnfg.54947
330,Tutanota,irosha1980ranaweera@tutanota.com,GMbef.41588
331,Tutanota,irshani1981ratnayake@tutanota.com,AParb.87444
332,Tutanota,irushi1986samarasekera@tutanota.com,LWljb.19173
333,Tutanota,iruthma1990samarasinghe@tutanota.com,UYajl.48258
334,Tutanota,isari1990senanayake@tutanota.com,BOxvc.23102
335,Tutanota,ishini1996senasinghe@tutanota.com,EPdki.68707
336,Tutanota,isuli1981seneviratne@tutanota.com,ODbac.77514
337,Tutanota,ithiksha1987silva@tutanota.com,JPkwv.01822
338,Tutanota,jagathi1978subasinghe@tutanota.com,GXycw.69262
339,Tutanota,jagathni1995udawatte@tutanota.com,ISedh.16222
340,Tutanota,janeesha1986warakagoda@tutanota.com,JAdka.11758
341,Tutanota,janethya1994weeraratne@tutanota.com,PZaul.50873
342,Tutanota,janidi1981weerasekara@tutanota.com,ALibt.71128
343,Tutanota,janithli1993weerawansa@tutanota.com,XXkxz.73956
344,Tutanota,janithrika1997wickremasinghe@tutanota.com,WDcst.64216
345,Tutanota,janithya1984wijeratne@tutanota.com,VXlkf.07361
346,Tutanota,januki1979wijesuriya@tutanota.com,YUzpw.37099
347,Tutanota,januli1985wijewardene@tutanota.com,NTzwi.26094
348,Tutanota,januni1991wikramanayake@tutanota.com,ETmic.80567
349,Tutanota,januthi1992abayakoon@tutanota.com,BRaab.60259
350,Tutanota,jawithya1993abeynaike@tutanota.com,GFicl.66610
351,Tutanota,jayami1983amarasekara@tutanota.com,DNqyd.95719
352,Tutanota,jayawi1981amarasinghe@tutanota.com,WBftx.38468
353,Tutanota,jehansa1992balasuriya@tutanota.com,QWeau.66355
354,Tutanota,jenuli1997bandara@tutanota.com,MFbfi.43276
355,Tutanota,jeromi1979bandaranaike@tutanota.com,HUjqt.65026
356,Tutanota,jethmi1986dahanayake@tutanota.com,LHamq.73286
357,Tutanota,jinethma1992dassanayake@tutanota.com,RFbyi.97838
358,Tutanota,joana1995deabrew@tutanota.com,YZthp.72300
359,Tutanota,kanuki1982dealwis@tutanota.com,PBuoh.14493
360,Tutanota,kashula1995dissanayake@tutanota.com,OJhgo.17083
361,Tutanota,kavithma1987ekanayake@tutanota.com,SEetg.97537
362,Tutanota,kavmindi1986fernando@tutanota.com,VLkbt.91419
363,Tutanota,kawithi1997fonseca@tutanota.com,BNywu.42442
364,Tutanota,kemini1988gamage@tutanota.com,AOuhs.46133
365,Tutanota,kenara1994gunaratne@tutanota.com,PLnri.21992
366,Tutanota,kenuli1979gunasekera@tutanota.com,QNcmh.30895
367,Tutanota,keshana1994gunawardena@tutanota.com,QCjuh.53387
368,Tutanota,kethaki1997hathurusingha@tutanota.com,YCdek.39971
369,Tutanota,kethmi1995herath@tutanota.com,GSuuz.09360
370,Tutanota,keyara1978jayakody@tutanota.com,BFpvv.39549
371,Tutanota,kinuri1991jayaratne@tutanota.com,IXfya.41425
372,Tutanota,kisheini1982jayasinghe@tutanota.com,YUokd.72627
373,Tutanota,kithmi1996jayatilleka@tutanota.com,SYmxw.22060
374,Tutanota,kithmini1992jayatissa@tutanota.com,DAnwt.29231
375,Tutanota,kithnuli1990jayawickrama@tutanota.com,ZNndh.01871
376,Tutanota,kithuki1995jayewardene@tutanota.com,HWtkv.68262
377,Tutanota,koshela1991karunaratne@tutanota.com,CAcly.60227
378,Tutanota,krisha1982liyanage@tutanota.com,CMdmy.76290
379,Tutanota,krisheini1980mendis@tutanota.com,JDnmj.69591
380,Tutanota,krishinya1982nandasiri@tutanota.com,GIlcg.40254
381,Tutanota,kulansa1983pathirana@tutanota.com,ITsfb.76839
382,Tutanota,kulshali1992peiris@tutanota.com,XPggk.53853
383,Tutanota,kulshani1978perera@tutanota.com,BXbxv.55221
384,Tutanota,kushani1995premaratne@tutanota.com,AQkan.95044
385,Tutanota,lakdini1997rajapaksa@tutanota.com,QTkxn.15477
386,Tutanota,lakeesha1992rajasekara@tutanota.com,DFcso.67457
387,Tutanota,lakma1988ramanayake@tutanota.com,VJtrn.38098
388,Tutanota,laneesha1994ranaweera@tutanota.com,REsky.88683
389,Tutanota,lavanya1980ratnayake@tutanota.com,IOnfc.15921
390,Tutanota,lechana1991samarasekera@tutanota.com,MOahn.45195
391,Tutanota,lehansi1989samarasinghe@tutanota.com,RRedd.91892
392,Tutanota,lemasha1992senanayake@tutanota.com,TVsmb.15932
393,Tutanota,lenasha1997senasinghe@tutanota.com,OGukc.92549
394,Tutanota,lesanma1985seneviratne@tutanota.com,TYlok.67067
395,Tutanota,lesansa1979silva@tutanota.com,PPwkn.78538
396,Tutanota,lihansa1992subasinghe@tutanota.com,PMekz.15245
397,Tutanota,lihini1984udawatte@tutanota.com,YTvzr.60736
398,Tutanota,limansa1990warakagoda@tutanota.com,ZHomf.61412
399,Tutanota,linasha1979weeraratne@tutanota.com,FZhgc.58880
400,Tutanota,linoja1983weerasekara@tutanota.com,KMkix.75712
401,Tutanota,lisadi1987weerawansa@tutanota.com,WPlxp.18141
402,Tutanota,lisansa1983wickremasinghe@tutanota.com,BGohi.02227
403,Tutanota,lisanya1985wijeratne@tutanota.com,CSzcw.85872
404,Tutanota,lisara1994wijesuriya@tutanota.com,NNbbm.04563
405,Tutanota,lisasna1980wijewardene@tutanota.com,QResz.63402
406,Tutanota,lisini1980wikramanayake@tutanota.com,RPrld.35057
407,Tutanota,lisithi1980abayakoon@tutanota.com,YIvnl.93128
408,Tutanota,lithaja1980abeynaike@tutanota.com,VNbnk.09448
409,Tutanota,lithara1991amarasekara@tutanota.com,XIwfa.27960
410,Tutanota,lithmini1983amarasinghe@tutanota.com,FYcow.16150
411,Tutanota,lithuli1992balasuriya@tutanota.com,CEvpo.14400
412,Tutanota,lithulki1995bandara@tutanota.com,NFhgp.61880
413,Tutanota,lithumi1985bandaranaike@tutanota.com,RPcmj.14815
414,Tutanota,lithuni1985dahanayake@tutanota.com,KCigz.97264
415,Tutanota,liviniya1989dassanayake@tutanota.com,HVmhg.69758
416,Tutanota,liyana1997deabrew@tutanota.com,EPymt.33220
417,Tutanota,lohara1982dealwis@tutanota.com,JCsdh.44185
418,Tutanota,lohasha1989dissanayake@tutanota.com,MDszi.18481
419,Tutanota,lothika1988ekanayake@tutanota.com,NXecx.18328
420,Tutanota,maduhansi1990fernando@tutanota.com,WDold.78682
421,Tutanota,maduka1989fonseca@tutanota.com,JTprb.62895
422,Tutanota,madushalani1996gamage@tutanota.com,FYyhj.88927
423,Tutanota,maheshika1991gunaratne@tutanota.com,NHbtt.89371
424,Tutanota,mahima1993gunasekera@tutanota.com,MEuas.89659
425,Tutanota,maleesha1991gunawardena@tutanota.com,TMved.84209
426,Tutanota,malika1996hathurusingha@tutanota.com,CTiny.38736
427,Tutanota,malindi1995herath@tutanota.com,BLjbm.63005
428,Tutanota,malinsha1995jayakody@tutanota.com,YDomj.20171
429,Tutanota,malki1984jayaratne@tutanota.com,ITclx.90370
430,Tutanota,malshi1982jayasinghe@tutanota.com,DWrdi.00146
431,Tutanota,mandakini1988jayatilleka@tutanota.com,WGwlj.21725
432,Tutanota,manelka1993jayatissa@tutanota.com,PNrgf.86111
433,Tutanota,manoda1989jayawickrama@tutanota.com,IZuze.17808
434,Tutanota,manoddya1985jayewardene@tutanota.com,RVsyk.97945
435,Tutanota,manodi1983karunaratne@tutanota.com,IFfve.50682
436,Tutanota,manoli1990liyanage@tutanota.com,WVupu.40728
437,Tutanota,manothmi1989mendis@tutanota.com,OXzzo.59975
438,Tutanota,manudi1991nandasiri@tutanota.com,WJzws.98208
439,Tutanota,manugi1989pathirana@tutanota.com,BDsfn.98601
440,Tutanota,manuji1978peiris@tutanota.com,KHmek.35357
441,Tutanota,manuki1996perera@tutanota.com,LInoc.03948
442,Tutanota,manuthi1985premaratne@tutanota.com,QJaxi.41265
443,Tutanota,mapasha1996rajapaksa@tutanota.com,SGmpn.10655
444,Tutanota,matheesha1983rajasekara@tutanota.com,ROsan.47572
445,Tutanota,mayithi1982ramanayake@tutanota.com,JEwyx.98831
446,Tutanota,mayomi1995ranaweera@tutanota.com,BNley.06476
447,Tutanota,mayuvindi1988ratnayake@tutanota.com,HCybd.31378
448,Tutanota,medithi1981samarasekera@tutanota.com,FPfmn.33342
449,Tutanota,mehansi1995samarasinghe@tutanota.com,FZwsr.45167
450,Tutanota,melanka1978senanayake@tutanota.com,DRajt.87580
451,Tutanota,melinsa1980senasinghe@tutanota.com,EGpzy.06012
452,Tutanota,menuli1985seneviratne@tutanota.com,GCnry.54726
453,Tutanota,menuri1992silva@tutanota.com,FWtma.76732
454,Tutanota,methara1978subasinghe@tutanota.com,WOxcp.74766
455,Tutanota,methmi1979udawatte@tutanota.com,UWjas.41688
456,Tutanota,methnadi1997warakagoda@tutanota.com,RLmay.21368
457,Tutanota,methni1987weeraratne@tutanota.com,QOtri.94107
458,Tutanota,methsilini1989weerasekara@tutanota.com,BNdew.76600
459,Tutanota,methsiluni1985weerawansa@tutanota.com,VZugd.70885
460,Tutanota,methsisi1995wickremasinghe@tutanota.com,LEbtu.29516
461,Tutanota,methsuvi1988wijeratne@tutanota.com,COlqq.62804
462,Tutanota,methuki1980wijesuriya@tutanota.com,RGsja.42534
463,Tutanota,methuli1995wijewardene@tutanota.com,ZRcuk.89365
464,Tutanota,methumini1989wikramanayake@tutanota.com,GVplu.91366
465,Tutanota,methuni1997abayakoon@tutanota.com,UGjxf.04566
466,Tutanota,methunima1989abeynaike@tutanota.com,NVgev.43214
467,Tutanota,methusha1982amarasekara@tutanota.com,RDwmb.32907
468,Tutanota,methushi1993amarasinghe@tutanota.com,IRkri.03833
469,Tutanota,methuvi1986balasuriya@tutanota.com,KKksy.52743
470,Tutanota,mihara1997bandara@tutanota.com,JCdpe.46716
471,Tutanota,miheli1991bandaranaike@tutanota.com,YNukw.91408
472,Tutanota,mihindee1979dahanayake@tutanota.com,KMpak.86962
473,Tutanota,mihindi1986dassanayake@tutanota.com,RVeiv.74067
474,Tutanota,mihini1981deabrew@tutanota.com,VAdmj.74501
475,Tutanota,mikela1995dealwis@tutanota.com,ZVdki.28823
476,Tutanota,minadi1993dissanayake@tutanota.com,UWtwv.82106
477,Tutanota,mindara1983ekanayake@tutanota.com,AHpst.23776
478,Tutanota,minduni1982fernando@tutanota.com,TErrt.09696
479,Tutanota,minha1988fonseca@tutanota.com,HYdbg.43615
480,Tutanota,minoli1994gamage@tutanota.com,AIedj.08600
481,Tutanota,minosha1983gunaratne@tutanota.com,TFgdu.97694
482,Tutanota,minsaha1980gunasekera@tutanota.com,LWsrt.63306
483,Tutanota,minsara1991gunawardena@tutanota.com,TKrja.98571
484,Tutanota,minuli1981hathurusingha@tutanota.com,GWaez.76269
485,Tutanota,minumi1983herath@tutanota.com,VBptq.04723
486,Tutanota,minuri1989jayakody@tutanota.com,TVuuu.57134
487,Tutanota,minusha1987jayaratne@tutanota.com,RFbgo.91908
488,Tutanota,misadi1979jayasinghe@tutanota.com,JPbdq.27708
489,Tutanota,mishadi1990jayatilleka@tutanota.com,JPdos.50132
490,Tutanota,mishadi1992jayatissa@tutanota.com,ZLltc.09411
491,Tutanota,misheli1978jayawickrama@tutanota.com,ADxtn.85555
492,Tutanota,mithili1990jayewardene@tutanota.com,LZlbl.53033
493,Tutanota,mithuki1990karunaratne@tutanota.com,JWthn.24058
494,Tutanota,mithumi1990liyanage@tutanota.com,WKdnz.84169
495,Tutanota,miyurangi1996mendis@tutanota.com,OXsvw.76047
496,Tutanota,moditha1983nandasiri@tutanota.com,PBaaf.36979
497,Tutanota,moneesha1996pathirana@tutanota.com,MWowz.93965
498,Tutanota,muditha1991peiris@tutanota.com,MYsmu.44123
499,Tutanota,nadeeja1990perera@tutanota.com,PMvyb.92628
500,Tutanota,nadeera1979premaratne@tutanota.com,XXcao.85496
501,Tutanota,nadewni1986rajapaksa@tutanota.com,MJgip.64439
502,Tutanota,nadinsa1992rajasekara@tutanota.com,KMhhg.40255
503,Tutanota,nadinsha1980ramanayake@tutanota.com,HAjux.89058
504,Tutanota,naduli1984ranaweera@tutanota.com,VDirc.14240
505,Tutanota,najeelia1996ratnayake@tutanota.com,SDyzy.42934
506,Tutanota,nalika1984samarasekera@tutanota.com,IVkat.05269
507,Tutanota,navani1994samarasinghe@tutanota.com,XUnyb.43607
508,Tutanota,nawani1982senanayake@tutanota.com,ASgpu.43286
509,Tutanota,nawoli1983senasinghe@tutanota.com,ABffh.13744
510,Tutanota,nehansa1979seneviratne@tutanota.com,OFjid.47008
511,Tutanota,nehanya1985silva@tutanota.com,LPefg.86942
512,Tutanota,nehara1986subasinghe@tutanota.com,ZFfqi.93590
513,Tutanota,nehari1980udawatte@tutanota.com,KShci.43377
514,Tutanota,nesagi1986warakagoda@tutanota.com,OSlea.16845
515,Tutanota,nesandi1995weeraratne@tutanota.com,ARppp.49949
516,Tutanota,neshandi1997weerasekara@tutanota.com,BOdip.85346
517,Tutanota,neshari1978weerawansa@tutanota.com,UWqai.68937
518,Tutanota,nethangi1994wickremasinghe@tutanota.com,BKiew.09200
519,Tutanota,nethanya1988wijeratne@tutanota.com,ZXfrc.60770
520,Tutanota,nethara1991wijesuriya@tutanota.com,YNzty.53681
521,Tutanota,nethari1987wijewardene@tutanota.com,CUvuw.00679
522,Tutanota,nethmika1978wikramanayake@tutanota.com,CDjll.28404
523,Tutanota,nethsarani1979abayakoon@tutanota.com,EUfgw.46552
524,Tutanota,nethu1989abeynaike@tutanota.com,ELajq.42542
525,Tutanota,nethugi1978amarasekara@tutanota.com,SJjdk.76992
526,Tutanota,nethuki1992amarasinghe@tutanota.com,IBcry.67504
527,Tutanota,nethuli1993balasuriya@tutanota.com,VCpvr.10372
528,Tutanota,nethulima1981bandara@tutanota.com,EGfjh.80701
529,Tutanota,nethumi1987bandaranaike@tutanota.com,RReta.16795
530,Tutanota,nethuni1979dahanayake@tutanota.com,HKstx.14244
531,Tutanota,nethunika1981dassanayake@tutanota.com,OQcva.32543
532,Tutanota,nethupa1981deabrew@tutanota.com,YUdhv.04956
533,Tutanota,nethusadi1986dealwis@tutanota.com,HIzhi.02060
534,Tutanota,nethushi1988dissanayake@tutanota.com,ZVzyd.69826
535,Tutanota,nethushima1997ekanayake@tutanota.com,FGhca.36909
536,Tutanota,nidiya1987fernando@tutanota.com,DTfkw.63406
537,Tutanota,nihansa1995fonseca@tutanota.com,IKket.03889
538,Tutanota,nihari1992gamage@tutanota.com,ILpaa.50252
539,Tutanota,nikini1979gunaratne@tutanota.com,LUefs.56692
540,Tutanota,nikita1988gunasekera@tutanota.com,OUejw.60039
541,Tutanota,nikitha1981gunawardena@tutanota.com,IPiwg.95155
542,Tutanota,nileshi1982hathurusingha@tutanota.com,EWilh.23002
543,Tutanota,nilmi1996herath@tutanota.com,YStey.43220
544,Tutanota,nimhani1989jayakody@tutanota.com,OIbci.68842
545,Tutanota,nimna1987jayaratne@tutanota.com,QSpkm.48108
546,Tutanota,nimni1993jayasinghe@tutanota.com,GJzbw.15460
547,Tutanota,nimra1988jayatilleka@tutanota.com,KJnoo.14586
548,Tutanota,nimshadi1983jayatissa@tutanota.com,XHxpp.88945
549,Tutanota,nimshi1981jayawickrama@tutanota.com,PKebv.86705
550,Tutanota,nimthara1984jayewardene@tutanota.com,FYcnv.44422
551,Tutanota,nimyanjali1991karunaratne@tutanota.com,CByby.83450
552,Tutanota,nipulma1989liyanage@tutanota.com,WDwzw.43569
553,Tutanota,niroda1987mendis@tutanota.com,JAykg.81666
554,Tutanota,niroshika1983nandasiri@tutanota.com,TEwsz.99252
555,Tutanota,nisadima1992pathirana@tutanota.com,CTxoe.33442
556,Tutanota,nisari1995peiris@tutanota.com,MPehp.21571
557,Tutanota,nishithma1985perera@tutanota.com,WZlww.53074
558,Tutanota,nisuri1989premaratne@tutanota.com,NQcjz.57343
559,Tutanota,nithara1985rajapaksa@tutanota.com,JCwls.47343
560,Tutanota,nitheesha1979rajasekara@tutanota.com,YWswg.63375
561,Tutanota,nithika1990ramanayake@tutanota.com,BGpms.57312
562,Tutanota,nithili1997ranaweera@tutanota.com,HJbdj.29768
563,Tutanota,nithilka1988ratnayake@tutanota.com,KZhtq.62735
564,Tutanota,nithmi1979samarasekera@tutanota.com,LVbwt.78739
565,Tutanota,nithuli1987samarasinghe@tutanota.com,CLlnm.10817
566,Tutanota,nithuni1978senanayake@tutanota.com,OZzax.43981
567,Tutanota,nithya1997senasinghe@tutanota.com,YUidc.23658
568,Tutanota,nivenya1997seneviratne@tutanota.com,PYuke.16318
569,Tutanota,nuhansa1989silva@tutanota.com,VGfjl.99522
570,Tutanota,nuhansha1994subasinghe@tutanota.com,XCxcg.83084
571,Tutanota,nulansa1984udawatte@tutanota.com,MDswc.79231
572,Tutanota,nureshi1986warakagoda@tutanota.com,HXnmt.45725
573,Tutanota,nuthara1979weeraratne@tutanota.com,XAbbx.21658
574,Tutanota,nuwandara1989weerasekara@tutanota.com,UBkpc.60064
575,Tutanota,nuwandi1979weerawansa@tutanota.com,SWfhr.40789
576,Tutanota,okithma1985wickremasinghe@tutanota.com,FBswe.83764
577,Tutanota,omesha1979wijeratne@tutanota.com,VZmkq.78452
578,Tutanota,omethmi1981wijesuriya@tutanota.com,JIlbf.44040
579,Tutanota,omindi1982wijewardene@tutanota.com,QAwcm.18360
580,Tutanota,onela1981wikramanayake@tutanota.com,LMtuw.48240
581,Tutanota,oneli1992abayakoon@tutanota.com,WGjma.38518
582,Tutanota,onisha1980abeynaike@tutanota.com,IKtvk.38199
583,Tutanota,osandi1996amarasekara@tutanota.com,XWbfc.66325
584,Tutanota,oshani1988amarasinghe@tutanota.com,YNskt.35204
585,Tutanota,oshari1990balasuriya@tutanota.com,AUezk.20040
586,Tutanota,oshika1979bandara@tutanota.com,XTley.98543
587,Tutanota,oshini1979bandaranaike@tutanota.com,ZCzym.77668
588,Tutanota,ovindi1986dahanayake@tutanota.com,UDzpp.36248
589,Tutanota,ovini1986dassanayake@tutanota.com,NUaro.95429
590,Tutanota,pabalu1990deabrew@tutanota.com,TEbiy.40917
591,Tutanota,pahandi1982dealwis@tutanota.com,AYzqj.32129
592,Tutanota,pahanya1993dissanayake@tutanota.com,GTtri.13265
593,Tutanota,pamodi1986ekanayake@tutanota.com,JVone.60096
594,Tutanota,pamudi1983fernando@tutanota.com,QHkph.65813
595,Tutanota,panchadi1991fonseca@tutanota.com,KNlmn.07703
596,Tutanota,pasandi1980gamage@tutanota.com,ZZikf.53950
597,Tutanota,pasanja1997gunaratne@tutanota.com,OQbip.52925
598,Tutanota,pasindya1978gunasekera@tutanota.com,KWvsz.90765
599,Tutanota,pethmi1991gunawardena@tutanota.com,SDkzo.76540
600,Tutanota,pinidi1997hathurusingha@tutanota.com,BMvwo.91314
601,Tutanota,poorni1995herath@tutanota.com,XYnaf.77681
602,Tutanota,poshya1995jayakody@tutanota.com,VVpaw.32395
603,Tutanota,prathibavi1993jayaratne@tutanota.com,PRurt.43687
604,Tutanota,pravishka1987jayasinghe@tutanota.com,XYdjl.48702
605,Tutanota,premandi1983jayatilleka@tutanota.com,TPrbm.84410
606,Tutanota,prikshala1978jayatissa@tutanota.com,BWhcf.77142
607,Tutanota,pubudmi1980jayawickrama@tutanota.com,KYgpm.28378
608,Tutanota,pumidi1997jayewardene@tutanota.com,EZmuy.44239
609,Tutanota,purmi1988karunaratne@tutanota.com,YHkjk.66545
610,Tutanota,purni1982liyanage@tutanota.com,PIzld.44168
611,Tutanota,purvi1984mendis@tutanota.com,UEvdb.97535
612,Tutanota,pyara1992nandasiri@tutanota.com,KCrwo.54580
613,Tutanota,radeesha1985pathirana@tutanota.com,ZNxkp.98285
614,Tutanota,radishka1980peiris@tutanota.com,EUaix.23903
615,Tutanota,raini1994perera@tutanota.com,FHuae.73402
616,Tutanota,ralini1979premaratne@tutanota.com,BLdsr.17336
617,Tutanota,ramidi1982rajapaksa@tutanota.com,BPwaf.68575
618,Tutanota,ranmi1990rajasekara@tutanota.com,ZXzhp.55118
619,Tutanota,ranmini1997ramanayake@tutanota.com,IByzu.46267
620,Tutanota,ranruvi1996ranaweera@tutanota.com,ADklz.81518
621,Tutanota,ranuli1992ratnayake@tutanota.com,ZZzaw.28727
622,Tutanota,rashani1993samarasekera@tutanota.com,BDdkg.64754
623,Tutanota,rashera1994samarasinghe@tutanota.com,ZGehi.81946
624,Tutanota,rashika1987senanayake@tutanota.com,IEjwm.99379
625,Tutanota,rashindi1984senasinghe@tutanota.com,SOgor.34125
626,Tutanota,rashmindi1994seneviratne@tutanota.com,UPwsp.09523
627,Tutanota,rashvini1995silva@tutanota.com,VUohk.97916
628,Tutanota,rasuni1983subasinghe@tutanota.com,XEtdr.00223
629,Tutanota,ravindi1979udawatte@tutanota.com,JUani.00956
630,Tutanota,reha1989warakagoda@tutanota.com,OGmtc.39818
631,Tutanota,rehansa1981weeraratne@tutanota.com,IPsro.24269
632,Tutanota,rehansha1980weerasekara@tutanota.com,QVblo.33647
633,Tutanota,rehasni1978weerawansa@tutanota.com,DBnhb.45874
634,Tutanota,reneesha1980wickremasinghe@tutanota.com,IOybk.73071
635,Tutanota,renisha1993wijeratne@tutanota.com,LVzzx.14513
636,Tutanota,renruvi1984wijesuriya@tutanota.com,MBkzl.07607
637,Tutanota,renushi1987wijewardene@tutanota.com,ZDgnz.97007
638,Tutanota,reshadi1991wikramanayake@tutanota.com,BLpih.48623
639,Tutanota,reshani1983abayakoon@tutanota.com,TZond.47712
640,Tutanota,resheni1986abeynaike@tutanota.com,TQvok.74093
641,Tutanota,reshmindi1988amarasekara@tutanota.com,IOsux.80417
642,Tutanota,resuni1994amarasinghe@tutanota.com,MAwzg.59062
643,Tutanota,rethika1983balasuriya@tutanota.com,XHrxt.70801
644,Tutanota,rethni1997bandara@tutanota.com,LOzrz.52924
645,Tutanota,rethushi1995bandaranaike@tutanota.com,OTluj.02297
646,Tutanota,rigasha1982dahanayake@tutanota.com,TMumy.07003
647,Tutanota,risandi1992dassanayake@tutanota.com,HLxtz.61912
648,Tutanota,risathya1985deabrew@tutanota.com,YEepy.45177
649,Tutanota,rishni1991dealwis@tutanota.com,EGzpm.59278
650,Tutanota,rithmi1984dissanayake@tutanota.com,BDcsi.53315
651,Tutanota,rithu1991ekanayake@tutanota.com,RKdpu.92759
652,Tutanota,rivka1984fernando@tutanota.com,WIohl.05334
653,Tutanota,riyoni1996fonseca@tutanota.com,PJddt.23285
654,Tutanota,romeshika1978gamage@tutanota.com,KZaqi.33770
655,Tutanota,romishka1979gunaratne@tutanota.com,WXbkc.27538
656,Tutanota,roneesha1997gunasekera@tutanota.com,SGmdw.63666
657,Tutanota,roshika1985gunawardena@tutanota.com,TTqzk.55834
658,Tutanota,roshmi1979hathurusingha@tutanota.com,XLleg.64360
659,Tutanota,roshni1984herath@tutanota.com,DMmgj.88149
660,Tutanota,ruhalshi1983jayakody@tutanota.com,AWiky.48578
661,Tutanota,ruhansa1996jayaratne@tutanota.com,SHsft.55440
662,Tutanota,rumeda1978jayasinghe@tutanota.com,JPhno.70966
663,Tutanota,rumika1980jayatilleka@tutanota.com,WSpos.59215
664,Tutanota,runidi1982jayatissa@tutanota.com,JSzsx.24102
665,Tutanota,rusirindi1982jayawickrama@tutanota.com,LLjft.82868
666,Tutanota,ruveesha1990jayewardene@tutanota.com,VDvhc.94533
667,Tutanota,ruwindi1992karunaratne@tutanota.com,VSawn.45605
668,Tutanota,ruwinka1979liyanage@tutanota.com,QBkuy.30733
669,Tutanota,ruwinsa1983mendis@tutanota.com,HStde.55204
670,Tutanota,ruwisha1983nandasiri@tutanota.com,JIsvs.15434
671,Tutanota,ruwithi1983pathirana@tutanota.com,RWxnm.92528
672,Tutanota,ruwithma1988peiris@tutanota.com,GLosr.81797
673,Tutanota,sadeera1995perera@tutanota.com,CHrak.77996
674,Tutanota,sadeesha1990premaratne@tutanota.com,VOvgo.01590
675,Tutanota,sadesha1985rajapaksa@tutanota.com,IMpuf.01089
676,Tutanota,sadewmi1979rajasekara@tutanota.com,BFjlw.43895
677,Tutanota,sadewni1984ramanayake@tutanota.com,ZLchi.95842
678,Tutanota,saheli1979ranaweera@tutanota.com,HIybs.12309
679,Tutanota,sahendra1988ratnayake@tutanota.com,NGwlz.82207
680,Tutanota,sahini1993samarasekera@tutanota.com,XPpra.15610
681,Tutanota,sakithma1981samarasinghe@tutanota.com,VLvbq.10342
682,Tutanota,sakithmi1993senanayake@tutanota.com,PXehs.26226
683,Tutanota,sakuni1978senasinghe@tutanota.com,ZYomh.17297
684,Tutanota,samali1983seneviratne@tutanota.com,UOhok.88966
685,Tutanota,samithri1996silva@tutanota.com,SGpqx.39910
686,Tutanota,sandali1981subasinghe@tutanota.com,VHarf.94741
687,Tutanota,sandamini1993udawatte@tutanota.com,WMymk.38144
688,Tutanota,sandani1984warakagoda@tutanota.com,BCesp.68695
689,Tutanota,sandapami1989weeraratne@tutanota.com,MJpjf.71844
690,Tutanota,sandasi1986weerasekara@tutanota.com,MCwnx.55583
691,Tutanota,sandeesha1981weerawansa@tutanota.com,IWrza.27284
692,Tutanota,sandewma1989wickremasinghe@tutanota.com,XEbrt.32117
693,Tutanota,sandewmi1984wijeratne@tutanota.com,KJwrd.18942
694,Tutanota,sandewni1987wijesuriya@tutanota.com,TYmut.56863
695,Tutanota,sandini1982wijewardene@tutanota.com,FMkgf.16584
696,Tutanota,sandunika1996wikramanayake@tutanota.com,JFinz.03562
697,Tutanota,sandupama1997abayakoon@tutanota.com,EWuwc.66793
698,Tutanota,saneera1983abeynaike@tutanota.com,BVxaq.38514
699,Tutanota,saneesha1981amarasekara@tutanota.com,JWbrh.90498
700,Tutanota,saneli1989amarasinghe@tutanota.com,SMqmz.05105
701,Tutanota,sanithi1996balasuriya@tutanota.com,IOkco.49928
702,Tutanota,sanithya1984bandara@tutanota.com,PDrfd.32563
703,Tutanota,sanjali1981bandaranaike@tutanota.com,MOglk.62864
704,Tutanota,sankethi1984dahanayake@tutanota.com,GAiou.13143
705,Tutanota,sanoli1983dassanayake@tutanota.com,GJdui.66393
706,Tutanota,sanudi1987deabrew@tutanota.com,ZBfbt.85012
707,Tutanota,sanugi1978dealwis@tutanota.com,VHheh.97248
708,Tutanota,sanujana1988dissanayake@tutanota.com,IFxjs.89513
709,Tutanota,sanuki1978ekanayake@tutanota.com,PHjgg.19983
710,Tutanota,sanuli1986fernando@tutanota.com,TBeri.64853
711,Tutanota,sanumi1988fonseca@tutanota.com,KCztb.59834
712,Tutanota,sanushi1995gamage@tutanota.com,PXepz.07709
713,Tutanota,sanuthi1981gunaratne@tutanota.com,GYvdb.47978
714,Tutanota,sanuthmi1982gunasekera@tutanota.com,LVhlr.57905
715,Tutanota,sanya1983gunawardena@tutanota.com,BZtlh.74230
716,Tutanota,saranya1980hathurusingha@tutanota.com,LMszd.47969
717,Tutanota,sarindi1987herath@tutanota.com,WUbgn.44937
718,Tutanota,saruthi1983jayakody@tutanota.com,FRzfx.54402
719,Tutanota,sasadi1986jayaratne@tutanota.com,FFkne.40296
720,Tutanota,sasandi1995jayasinghe@tutanota.com,OVlev.79720
721,Tutanota,sasanka1987jayatilleka@tutanota.com,ZEtwq.03322
722,Tutanota,sasanya1984jayatissa@tutanota.com,RGijc.93696
723,Tutanota,saseli1996jayawickrama@tutanota.com,MEpch.62348
724,Tutanota,saseni1994jayewardene@tutanota.com,ESems.14406
725,Tutanota,sasenya1994karunaratne@tutanota.com,YDjdr.91451
726,Tutanota,sashini1994liyanage@tutanota.com,VPehm.05275
727,Tutanota,sasiki1979mendis@tutanota.com,XLynp.34571
728,Tutanota,sasindi1979nandasiri@tutanota.com,OXptq.65938
729,Tutanota,sasini1988pathirana@tutanota.com,LHrhq.18907
730,Tutanota,sasmili1995peiris@tutanota.com,JQjfp.31446
731,Tutanota,sasni1985perera@tutanota.com,TXyrr.89681
732,Tutanota,sasnithi1981premaratne@tutanota.com,WLgqh.38229
733,Tutanota,sasvindi1996rajapaksa@tutanota.com,YQsct.24839
734,Tutanota,sathnadi1982rajasekara@tutanota.com,QDzpp.79356
735,Tutanota,sathnidi1984ramanayake@tutanota.com,IEtpc.57582
736,Tutanota,savandi1982ranaweera@tutanota.com,RApoo.44467
737,Tutanota,saviddya1993ratnayake@tutanota.com,WEynb.65682
738,Tutanota,savindi1978samarasekera@tutanota.com,MOmwy.20309
739,Tutanota,savini1980samarasinghe@tutanota.com,WHxtn.70966
740,Tutanota,savinya1991senanayake@tutanota.com,GHvww.69899
741,Tutanota,sawandi1990senasinghe@tutanota.com,YRzxi.37172
742,Tutanota,sayara1997seneviratne@tutanota.com,KSyyb.06907
743,Tutanota,sayumdi1981silva@tutanota.com,CZgbm.01973
744,Tutanota,sayumi1993subasinghe@tutanota.com,GPdpe.39322
745,Tutanota,sayuni1990udawatte@tutanota.com,YDwab.69428
746,Tutanota,sayurini1987warakagoda@tutanota.com,PZusl.13971
747,Tutanota,senaya1982weeraratne@tutanota.com,FFtzv.42719
748,Tutanota,senendi1992weerasekara@tutanota.com,IUvbw.40679
749,Tutanota,senudi1996weerawansa@tutanota.com,VPyhd.27747
750,Tutanota,senudri1981wickremasinghe@tutanota.com,JMyoc.91386
751,Tutanota,senuli1992wijeratne@tutanota.com,IKxpj.46166
752,Tutanota,senullya1992wijesuriya@tutanota.com,UApze.39005
753,Tutanota,senuthmi1983wijewardene@tutanota.com,QKndb.07093
754,Tutanota,senuthri1984wikramanayake@tutanota.com,HQvux.39411
755,Tutanota,seshana1988abayakoon@tutanota.com,USfjy.46772
756,Tutanota,sethaksha1989abeynaike@tutanota.com,VCtyt.03003
757,Tutanota,sethuli1984amarasekara@tutanota.com,KFjpj.05820
758,Tutanota,sethumli1983amarasinghe@tutanota.com,KDqqm.34448
759,Tutanota,seyali1993balasuriya@tutanota.com,RLlwm.22404
760,Tutanota,seyara1993bandara@tutanota.com,QBurd.15562
761,Tutanota,shaheema1986bandaranaike@tutanota.com,VVfam.86230
762,Tutanota,shahensa1989dahanayake@tutanota.com,QHzmt.56774
763,Tutanota,shaini1996dassanayake@tutanota.com,PPveh.26834
764,Tutanota,shalani1985deabrew@tutanota.com,LNrkb.55842
765,Tutanota,shaliya1991dealwis@tutanota.com,WTbfn.73920
766,Tutanota,shalomi1982dissanayake@tutanota.com,DSsiy.96901
767,Tutanota,shamendri1994ekanayake@tutanota.com,DHwfl.42048
768,Tutanota,shanali1982fernando@tutanota.com,NQagp.54447
769,Tutanota,shaneli1987fonseca@tutanota.com,PMoxs.10351
770,Tutanota,shaniya1986gamage@tutanota.com,WYuvx.13240
771,Tutanota,shanuli1979gunaratne@tutanota.com,QYwup.92387
772,Tutanota,shanuthi1993gunasekera@tutanota.com,QCobq.13264
773,Tutanota,shashera1985gunawardena@tutanota.com,ZTcio.83351
774,Tutanota,shashindi1984hathurusingha@tutanota.com,DUgci.55942
775,Tutanota,shashini1979herath@tutanota.com,VKicp.43905
776,Tutanota,shashlina1978jayakody@tutanota.com,QEufb.24395
777,Tutanota,shashlini1987jayaratne@tutanota.com,DBxop.61309
778,Tutanota,shashmi1980jayasinghe@tutanota.com,CKofj.17383
779,Tutanota,shashni1994jayatilleka@tutanota.com,KXcyx.57623
780,Tutanota,shashvini1980jayatissa@tutanota.com,PLuti.99610
781,Tutanota,sheini1996jayawickrama@tutanota.com,TUtit.94522
782,Tutanota,shelani1996jayewardene@tutanota.com,MQxxd.79653
783,Tutanota,sheli1987karunaratne@tutanota.com,GIojz.53989
784,Tutanota,shelomi1993liyanage@tutanota.com,CZjmh.78543
785,Tutanota,shemaya1980mendis@tutanota.com,BUohp.33961
786,Tutanota,shenara1996nandasiri@tutanota.com,URcut.21769
787,Tutanota,shenu1983pathirana@tutanota.com,WHmyc.93245
788,Tutanota,shenu1987peiris@tutanota.com,MOroy.58291
789,Tutanota,shera1996perera@tutanota.com,NCdnx.53750
790,Tutanota,sheri1997premaratne@tutanota.com,AOzkf.94576
791,Tutanota,sheshadi1989rajapaksa@tutanota.com,RGtae.24742
792,Tutanota,sheveena1995rajasekara@tutanota.com,WDpbo.40052
793,Tutanota,sheyali1994ramanayake@tutanota.com,NFzxo.26081
794,Tutanota,shivona1997ranaweera@tutanota.com,FGhrl.06702
795,Tutanota,shuwetha1989ratnayake@tutanota.com,RBzgc.66472
796,Tutanota,sihansa1992samarasekera@tutanota.com,XGqdd.77827
797,Tutanota,sihathma1996samarasinghe@tutanota.com,GVgna.24755
798,Tutanota,sineli1979senanayake@tutanota.com,JVmoc.73914
799,Tutanota,sitheesha1980senasinghe@tutanota.com,EYfok.35448
800,Tutanota,sitheja1989seneviratne@tutanota.com,NDzkt.77248
801,Tutanota,sithika1979silva@tutanota.com,BNwgn.37004
802,Tutanota,sithiki1989subasinghe@tutanota.com,RZpbc.55022
803,Tutanota,sithili1982udawatte@tutanota.com,JFwwd.00930
804,Tutanota,sithlini1992warakagoda@tutanota.com,VLeot.65707
805,Tutanota,sithmi1982weeraratne@tutanota.com,VDpyk.07095
806,Tutanota,sithni1985weerasekara@tutanota.com,LYflb.20970
807,Tutanota,sithsisi1988weerawansa@tutanota.com,IDxko.37529
808,Tutanota,sithuki1990wickremasinghe@tutanota.com,MLhya.25526
809,Tutanota,sithuli1996wijeratne@tutanota.com,MGwfd.94176
810,Tutanota,sithumdi1997wijesuriya@tutanota.com,VLvhc.02676
811,Tutanota,sithumsara1992wijewardene@tutanota.com,RBxep.50084
812,Tutanota,sithuni1986wikramanayake@tutanota.com,LYnvy.35231
813,Tutanota,siyathra1996abayakoon@tutanota.com,MIcvs.36223
814,Tutanota,soraya1989abeynaike@tutanota.com,QOzbb.34463
815,Tutanota,sulakkya1991amarasekara@tutanota.com,IEwka.34206
816,Tutanota,sumethma1997amarasinghe@tutanota.com,HKphq.44160
817,Tutanota,sunelka1983balasuriya@tutanota.com,KNbyd.21204
818,Tutanota,supipi1989bandara@tutanota.com,XDsrz.22500
819,Tutanota,surindi1986bandaranaike@tutanota.com,QMotf.82199
820,Tutanota,suwani1996dahanayake@tutanota.com,SXnia.46553
821,Tutanota,suwanya1981dassanayake@tutanota.com,YColp.37656
822,Tutanota,suwindi1996deabrew@tutanota.com,NPeci.67653
823,Tutanota,suwini1982dealwis@tutanota.com,MTeeh.39391
824,Tutanota,talia1995dissanayake@tutanota.com,XIwfj.02980
825,Tutanota,tamara1983ekanayake@tutanota.com,THjmw.79780
826,Tutanota,tamilka1994fernando@tutanota.com,JKxsn.78274
827,Tutanota,tanaka1981fonseca@tutanota.com,YNcsv.08556
828,Tutanota,tanavi1985gamage@tutanota.com,XOodk.50268
829,Tutanota,taneesha1980gunaratne@tutanota.com,PRtbz.73173
830,Tutanota,tanushi1996gunasekera@tutanota.com,MOvwx.14482
831,Tutanota,taruki1988gunawardena@tutanota.com,GItju.27541
832,Tutanota,tehani1994hathurusingha@tutanota.com,FCefg.02304
833,Tutanota,tenuji1988herath@tutanota.com,YRbvo.26159
834,Tutanota,tenuli1995jayakody@tutanota.com,MKrcl.25483
835,Tutanota,tenuri1988jayaratne@tutanota.com,QLqgz.57020
836,Tutanota,tesi1996jayasinghe@tutanota.com,NYltf.90857
837,Tutanota,thamalka1996jayatilleka@tutanota.com,CImek.03761
838,Tutanota,thamasha1979jayatissa@tutanota.com,VRphl.36075
839,Tutanota,thamashi1989jayawickrama@tutanota.com,HQddt.14144
840,Tutanota,thaneesha1983jayewardene@tutanota.com,MGwaw.16413
841,Tutanota,thanuki1984karunaratne@tutanota.com,HHamv.62477
842,Tutanota,thanusha1990liyanage@tutanota.com,JUwmi.23994
843,Tutanota,thanushka1987mendis@tutanota.com,YLtgk.00582
844,Tutanota,thanushki1995nandasiri@tutanota.com,YXgwp.47679
845,Tutanota,tharaki1982pathirana@tutanota.com,BYkmz.09368
846,Tutanota,tharindi1992peiris@tutanota.com,PLvqr.97924
847,Tutanota,tharindya1980perera@tutanota.com,RZchp.48601
848,Tutanota,tharini1981premaratne@tutanota.com,BZhie.76482
849,Tutanota,tharithma1979rajapaksa@tutanota.com,QYbwo.86349
850,Tutanota,tharudi1981rajasekara@tutanota.com,HQsrl.84687
851,Tutanota,tharuki1987ramanayake@tutanota.com,YLjxv.43578
852,Tutanota,tharuli1992ranaweera@tutanota.com,HUxtc.21149
853,Tutanota,tharullya1979ratnayake@tutanota.com,YRqwh.51491
854,Tutanota,tharunadi1989samarasekera@tutanota.com,SZqpw.37056
855,Tutanota,tharupama1987samarasinghe@tutanota.com,JUcoo.89257
856,Tutanota,thashmi1997senanayake@tutanota.com,ZBcls.14151
857,Tutanota,thashmika1988senasinghe@tutanota.com,KMsmc.09822
858,Tutanota,thashni1995seneviratne@tutanota.com,DOygj.99536
859,Tutanota,thasini1988silva@tutanota.com,PPnxt.78644
860,Tutanota,thathsarani1991subasinghe@tutanota.com,VXsxw.92299
861,Tutanota,thehani1986udawatte@tutanota.com,QYoex.95343
862,Tutanota,theja1992warakagoda@tutanota.com,OOyvf.63900
863,Tutanota,thenuji1986weeraratne@tutanota.com,AYrtu.58119
864,Tutanota,thenuki1990weerasekara@tutanota.com,PPhmq.68546
865,Tutanota,thenuri1987weerawansa@tutanota.com,OYvqb.99395
866,Tutanota,thenuthmi1983wickremasinghe@tutanota.com,UMjnt.07807
867,Tutanota,thepuli1993wijeratne@tutanota.com,EQhsk.57298
868,Tutanota,thesari1993wijesuriya@tutanota.com,CIfud.89283
869,Tutanota,theshana1979wijewardene@tutanota.com,HJwqh.32882
870,Tutanota,theshari1989wikramanayake@tutanota.com,CYixr.21194
871,Tutanota,thevindi1988abayakoon@tutanota.com,VRdkk.30624
872,Tutanota,thilara1989abeynaike@tutanota.com,ZHzjd.47179
873,Tutanota,thilara1993amarasekara@tutanota.com,XSula.45855
874,Tutanota,thilinnya1982amarasinghe@tutanota.com,QEmyp.08228
875,Tutanota,thimali1984balasuriya@tutanota.com,FMnfu.46943
876,Tutanota,thimethya1983bandara@tutanota.com,ASupv.41476
877,Tutanota,thinara1991bandaranaike@tutanota.com,VDjux.80811
878,Tutanota,thinithi1997dahanayake@tutanota.com,ISxhz.73300
879,Tutanota,thinudi1983dassanayake@tutanota.com,RJwoy.06555
880,Tutanota,thinugi1988deabrew@tutanota.com,ASnys.65214
881,Tutanota,thinumi1979dealwis@tutanota.com,WLzwe.13027
882,Tutanota,thiruni1983dissanayake@tutanota.com,GQfvg.58776
883,Tutanota,thisallya1983ekanayake@tutanota.com,UDuqa.42511
884,Tutanota,thisandi1980fernando@tutanota.com,MHixd.75748
885,Tutanota,thisansa1989fonseca@tutanota.com,AQvgy.39932
886,Tutanota,thisarani1985gamage@tutanota.com,NIreo.83005
887,Tutanota,thisari1980gunaratne@tutanota.com,EPrkj.95046
888,Tutanota,thisethmi1982gunasekera@tutanota.com,GVlgd.25612
889,Tutanota,thishansha1993gunawardena@tutanota.com,GZdce.56613
890,Tutanota,thisidi1984hathurusingha@tutanota.com,IAret.14554
891,Tutanota,thisini1986herath@tutanota.com,GHvcl.73275
892,Tutanota,thisuli1985jayakody@tutanota.com,CIpfo.35495
893,Tutanota,thisumi1993jayaratne@tutanota.com,WXuuo.75933
894,Tutanota,thisuni1994jayasinghe@tutanota.com,NPrsn.09400
895,Tutanota,thivenya1996jayatilleka@tutanota.com,IFzkv.03194
896,Tutanota,thivindi1996jayatissa@tutanota.com,EWpwc.93879
897,Tutanota,thrishni1986jayawickrama@tutanota.com,YAbxx.06832
898,Tutanota,thullya1995jayewardene@tutanota.com,STssh.49781
899,Tutanota,thulnethi1985karunaratne@tutanota.com,YZaqj.43013
900,Tutanota,thushadi1989liyanage@tutanota.com,JGews.81725
901,Tutanota,thusumli1993mendis@tutanota.com,JGhez.48116
902,Tutanota,thuwesha1984nandasiri@tutanota.com,NPmro.88907
903,Tutanota,timari1982pathirana@tutanota.com,ACfun.07900
904,Tutanota,timasha1996peiris@tutanota.com,RDjiq.53035
905,Tutanota,tinara1979perera@tutanota.com,KFrkp.93747
906,Tutanota,tisadi1978premaratne@tutanota.com,UAzpp.98417
907,Tutanota,tisari1985rajapaksa@tutanota.com,BRkur.14665
908,Tutanota,tishani1994rajasekara@tutanota.com,VPnjl.61672
909,Tutanota,udani1978ramanayake@tutanota.com,JSpjo.28686
910,Tutanota,umaya1982ranaweera@tutanota.com,VXmfp.91302
911,Tutanota,umeshika1995ratnayake@tutanota.com,ZPkkn.52977
912,Tutanota,ushmila1989samarasekera@tutanota.com,BVuca.39482
913,Tutanota,uthara1979samarasinghe@tutanota.com,DOpkn.88422
914,Tutanota,uthumi1981senanayake@tutanota.com,WIfeh.51883
915,Tutanota,uvanya1980senasinghe@tutanota.com,PUvgl.40037
916,Tutanota,uvindi1995seneviratne@tutanota.com,GLnxr.78046
917,Tutanota,vakshitha1992silva@tutanota.com,QKwki.35420
918,Tutanota,vatheesha1989subasinghe@tutanota.com,WKeps.00236
919,Tutanota,venudi1983udawatte@tutanota.com,UFfgg.78676
920,Tutanota,venuki1994warakagoda@tutanota.com,ATtcn.01083
921,Tutanota,venuthi1991weeraratne@tutanota.com,FPrlu.76853
922,Tutanota,vichakshani1979weerasekara@tutanota.com,XDdfw.17502
923,Tutanota,vidasna1993weerawansa@tutanota.com,GVpay.55552
924,Tutanota,vidudini1986wickremasinghe@tutanota.com,LJmpm.62919
925,Tutanota,vidulana1984wijeratne@tutanota.com,RClfk.34848
926,Tutanota,vidunadi1991wijesuriya@tutanota.com,SLhma.30174
927,Tutanota,vidusha1992wijewardene@tutanota.com,WYhey.85684
928,Tutanota,vihagi1995wikramanayake@tutanota.com,SXbar.42298
929,Tutanota,vihandi1993abayakoon@tutanota.com,PPiat.69844
930,Tutanota,vihanga1991abeynaike@tutanota.com,KYvza.43361
931,Tutanota,vihangi1990amarasekara@tutanota.com,PEnae.86129
932,Tutanota,vihansa1992amarasinghe@tutanota.com,MJajn.78003
933,Tutanota,vihari1982balasuriya@tutanota.com,FJpbm.45207
934,Tutanota,viheli1989bandara@tutanota.com,QSrfb.73490
935,Tutanota,vihini1985bandaranaike@tutanota.com,JVtsx.32562
936,Tutanota,vimalsha1982dahanayake@tutanota.com,VInor.91301
937,Tutanota,vimalshi1993dassanayake@tutanota.com,QPijl.40006
938,Tutanota,vimansha1982deabrew@tutanota.com,ZDvcn.22790
939,Tutanota,vimarshana1992dealwis@tutanota.com,LBijt.61866
940,Tutanota,vimasha1989dissanayake@tutanota.com,DFmwt.24090
941,Tutanota,vimashi1994ekanayake@tutanota.com,AOotr.52399
942,Tutanota,vimashi1981fernando@tutanota.com,WEbjp.89810
943,Tutanota,vinddya1995fonseca@tutanota.com,SXhpd.95255
944,Tutanota,vindi1985gamage@tutanota.com,PCnhi.93033
945,Tutanota,vinduli1992gunaratne@tutanota.com,SAvzr.48583
946,Tutanota,vinoshi1989gunasekera@tutanota.com,TDrjs.96829
947,Tutanota,vinudi1994gunawardena@tutanota.com,JTglr.52825
948,Tutanota,vinudini1988hathurusingha@tutanota.com,VCkww.70722
949,Tutanota,vinugi1988herath@tutanota.com,AYqof.73100
950,Tutanota,vinuki1996jayakody@tutanota.com,MEzpr.49915
951,Tutanota,vinuli1983jayaratne@tutanota.com,PUygq.15252
952,Tutanota,vinuri1986jayasinghe@tutanota.com,SHsvc.26429
953,Tutanota,vinuthi1984jayatilleka@tutanota.com,WBqzn.43305
954,Tutanota,virangi1984jayatissa@tutanota.com,EVjba.90577
955,Tutanota,vishani1990jayawickrama@tutanota.com,DTomz.48325
956,Tutanota,vishmi1993jayewardene@tutanota.com,VIzsv.62808
957,Tutanota,vishni1987karunaratne@tutanota.com,VOafl.58226
958,Tutanota,vishvi1993liyanage@tutanota.com,VAdbj.97417
959,Tutanota,vithila1978mendis@tutanota.com,PCpda.65252
960,Tutanota,vithuli1985nandasiri@tutanota.com,CRlrt.33481
961,Tutanota,vithumi1988pathirana@tutanota.com,DKkvw.63797
962,Tutanota,vithuni1995peiris@tutanota.com,CBgiv.02480
963,Tutanota,viveka1983perera@tutanota.com,ETkva.03751
964,Tutanota,voleesha1982premaratne@tutanota.com,QRifz.97322
965,Tutanota,wanushi1991rajapaksa@tutanota.com,SUzkl.55045
966,Tutanota,warnitha1997rajasekara@tutanota.com,RVxra.57635
967,Tutanota,warushi1989ramanayake@tutanota.com,CRrzp.35835
968,Tutanota,wethmini1980ranaweera@tutanota.com,JFhge.12329
969,Tutanota,yahali1995ratnayake@tutanota.com,QTrmi.09548
970,Tutanota,yahangi1984samarasekera@tutanota.com,APxlk.37525
971,Tutanota,yahansa1979samarasinghe@tutanota.com,ZIsxv.45577
972,Tutanota,yaminsa1986senanayake@tutanota.com,SEdzk.09316
973,Tutanota,yansili1996senasinghe@tutanota.com,CXsoh.55006
974,Tutanota,yanuri1978seneviratne@tutanota.com,ZYkky.98465
975,Tutanota,yanushi1985silva@tutanota.com,GEbyt.42536
976,Tutanota,yasasvi1990subasinghe@tutanota.com,QHcsp.46510
977,Tutanota,yashika1993udawatte@tutanota.com,OBdol.45324
978,Tutanota,yashni1995warakagoda@tutanota.com,KIosi.73625
979,Tutanota,yasini1981weeraratne@tutanota.com,YQogg.24281
980,Tutanota,yasintha1989weerasekara@tutanota.com,KRclz.27902
981,Tutanota,yehansa1979weerawansa@tutanota.com,GIbjq.08658
982,Tutanota,yehara1986wickremasinghe@tutanota.com,TSsqg.30237
983,Tutanota,yehari1987wijeratne@tutanota.com,BDayl.70700
984,Tutanota,yeheni1996wijesuriya@tutanota.com,JZpyw.45050
985,Tutanota,yemansa1984wijewardene@tutanota.com,RIkas.67296
986,Tutanota,yenara1993wikramanayake@tutanota.com,DBjvt.73900
987,Tutanota,yenelka1983abayakoon@tutanota.com,DHnqd.07606
988,Tutanota,yenma1982abeynaike@tutanota.com,MVgmk.15635
989,Tutanota,yenuki1987amarasekara@tutanota.com,MCcti.98054
990,Tutanota,yenuli1989amarasinghe@tutanota.com,QWufm.19525
991,Tutanota,yenusha1982balasuriya@tutanota.com,NWfxw.01056
992,Tutanota,yenushi1997bandara@tutanota.com,MFhbm.63056
993,Tutanota,yeshika1987bandaranaike@tutanota.com,MSthr.64839
994,Tutanota,yethma1996dahanayake@tutanota.com,TEoei.41367
995,Tutanota,yethmi1995dassanayake@tutanota.com,ZFqch.59954
996,Tutanota,yomashi1983deabrew@tutanota.com,XWmfj.66191
997,Tutanota,yuhansa1989dealwis@tutanota.com,KAsxa.62862
998,Tutanota,yupasna1984dissanayake@tutanota.com,GQohv.41552
999,Tutanota,yuthmi1984ekanayake@tutanota.com,QQxdd.39119
1000,Tutanota,yuvani1982fernando@tutanota.com,PAeit.41839
